Task Id,Dequeue Count,Start Time,Total,Succeeded,Failed,Elapsed Seconds,Process Seconds,Run Method Seconds,Status,Error
,,2020-08-10T11:34:39.752049,,,,,,,LOAD_START,
,,2020-08-10T11:34:39.752049,,,,7.371791124343872,,,LOAD_DONE,
,,2020-08-10T11:34:47.124431,,,,7.371791124343872,,,INIT_START,
,,2020-08-10T11:34:47.124431,,,,0.08980011940002441,,,INIT_DONE,
0,1,2020-08-10T11:34:47.415166,,,,0.08980011940002441,,,RUN_START,
0,1,2020-08-10T11:34:47.415166,2,2,0,0.32862729000044055,0.07670646800000003,0.08030628899723524,RUN_DONE,
2,1,2020-08-10T11:34:47.778306,2,2,0,0.32862729000044055,0.07670646800000003,0.08030628899723524,RUN_START,
2,1,2020-08-10T11:34:47.778306,2,2,0,0.06602716000634246,0.0007537279999999535,0.06444434500008356,RUN_DONE,
3,1,2020-08-10T11:34:47.880760,2,2,0,0.06602716000634246,0.0007537279999999535,0.06444434500008356,RUN_START,
3,1,2020-08-10T11:34:47.880760,1,1,0,0.07062159100314602,0.0007224080000000077,0.06772658200497972,RUN_DONE,
,,2020-08-10T11:34:39.741006,5,5,0,17.00585412979126,0.07818260399999999,0.21247721600229852,AGENT_DONE,
